{
	"entities": [
		{
			"components": [
				{
					"@type": "dcore::world::TransformComponent",
					"position": [
						0.0,
						1.0,
						0.0
					],
					"rotation": [
						0.0,
						0.0,
						0.0,
						1.0
					],
					"scale": [
						1.0,
						1.0,
						1.0
					]
				},
				{
					"@type": "dcore::world::StaticMeshComponent",
					"mesh": {
						"mesh": "DCore.Mesh.Cube",
						"texture": "DCore.Texture.Main.Stone"
					}
				},
				{
					"@type": "dg::entity::CameraFollowComponent"
				},
				{
					"@type": "dg::entity::CharacterControllerComponent"
				}
			],
			"id": 0
		}
	],
	"statics": [
		{
			"type": "Model",
			"uuid": "50a61a39-29c3-4c20-895c-8cc4f049188f",
			"position": [0.0, 1.0, 0.0],
			"rotation": [0.0, 0.0, 0.0, 1.0],
			"scale": [1.0, 1.0, 1.0],
			"model": "DCore.Model.Main.Building.House.Outside.Inn.01"
		},
		{
			"type": "Model",
			"uuid": "bbc2756d-736b-40fc-834b-27181a7f8338",
			"position": [1.0, 1.0, 1.0],
			"rotation": [0.0, 0.0, 0.0, 1.0],
			"scale": [1.0, 1.0, 1.0],
			"model": "DCore.Model.Main.Debug.Cubes"
		}
	],
	"version": "0.02"
}
